keyword,language,topic,topicColor,keywordColor,limitPages,ratioNew
'Gasspeicher',de,Politik,#a89216,#48e818,3,0.2077921555428597
'Kinder',de,Gesundheit,#9e3215,#4848e9,3,0.1976518379282649
'Gas',de,Fossile Energie,#4287f5,#e81818,3,0.177632126813564
'Kohle',de,Fossile Energie,#4287f5,#e41818,3,0.1467727557198148
'Schwangere',de,Gesundheit,#9e3215,#2626e6,3,0.1411848534288794
'Blackout',de,Politik,#a89216,#88e888,3,0.1410526147023056
'Sanierung',de,Politik,#a89216,#08ea48,3,0.1374065743944616
'Kälte',de,Gesundheit,#9e3215,#1818e8,3,0.1370217147756506
'Ältere',de,Gesundheit,#9e3215,#4646e5,3,0.1332746679878912
'Schimmel',de,Gesundheit,#9e3215,#1818f6,3,0.1319151564604183
'Geschlecht',de,Gesundheit,#9e3215,#1838d9,3,0.126576779143724
'Kerosin',de,Politik,#a89216,#18e722,3,0.1182773392149535
'Grippe',de,Gesundheit,#9e3215,#1414b8,3,0.117904953919245
'Heizkosten',de,Armut,#679e2c,#181888,2,0.1132460680820316
'Obdachlosigkeit',de,Armut,#679e2c,#186818,3,0.1120721309640377
'Atomkraft',de,Politik,#a89216,#04d624,3,0.1034891753275289
'Wärmepumpe',de,Politik,#a89216,#18e722,3,0.1014168916449906
'Ältere Generation',de,Gesundheit,#9e3215,#4646e5,3,0.0582164965471245
'ältere Mensch',de,Gesundheit,#9e3215,#4646e5,3,0.0559737854536397
'öffentliche Gebäude',de,Politik,#a89216,#00e622,3,0.0432600362977321
'Energiepauschale',de,Politik,#a89216,#18e218,1,0.0209274813189956
'Eneuerbare Energien',de,Politik,#a89216,#18e722,1,0.0155068460725244
'COP 26',de,Politik,#a89216,#18e818,1,0.0040886958165002
'COP26',de,Politik,#a89216,#18e818,1,3.0625019277785517e-05
